{"cameraMode":{"drawMode":0,"name":"Shaded","section":"Shading Mode"},"sceneLighting":false,"audioPlay":false,"sceneViewState":{"showFog":true,"showMaterialUpdate":false,"showSkybox":false,"showFlares":true,"showImageEffects":true,"showParticleSystems":true},"in2DMode":false,"pivot":{"x":0.24462890625,"y":-0.202301025390625,"z":0.17578125},"rotation":{"x":-0.010497069917619229,"y":-0.022496964782476426,"z":-0.00023767011589370668,"w":0.9996973276138306},"size":4.254378795623779,"orthographic":true}